{
  "Total" : {
    "transaction" : "Total",
    "sampleCount" : 176,
    "errorCount" : 2,
    "errorPct" : 1.1363636,
    "meanResTime" : 749.8806818181814,
    "medianResTime" : 517.0,
    "minResTime" : 276.0,
    "maxResTime" : 8569.0,
    "pct1ResTime" : 1404.3000000000006,
    "pct2ResTime" : 1789.6500000000008,
    "pct3ResTime" : 4159.209999999941,
    "throughput" : 11.212333566923615,
    "receivedKBytesPerSec" : 5.360424165445627,
    "sentKBytesPerSec" : 1.281096706377015
  },
  "HTTP Request" : {
    "transaction" : "HTTP Request",
    "sampleCount" : 176,
    "errorCount" : 2,
    "errorPct" : 1.1363636,
    "meanResTime" : 749.8806818181814,
    "medianResTime" : 517.0,
    "minResTime" : 276.0,
    "maxResTime" : 8569.0,
    "pct1ResTime" : 1404.3000000000006,
    "pct2ResTime" : 1789.6500000000008,
    "pct3ResTime" : 4159.209999999941,
    "throughput" : 11.212333566923615,
    "receivedKBytesPerSec" : 5.360424165445627,
    "sentKBytesPerSec" : 1.281096706377015
  }
}